node	form	verb_kind
739916	ʾəθyɛle	qtilele
740004	qimɛle	qtilele
740019	siqɛle	qtilele
740182	zilɛle	qtilele
740250	qimɛle	qtilele
740252	siqɛle	qtilele
740273	qimɛle	qtilele
740281	ṣəlyɛle	qtilele
740282	ṣəlyɛle	qtilele
740283	pišɛle	qtilele
740301	tiwɛle	qtilele
740436	qimɛle	qtilele
740444	ʾəθyɛle	qtilele
740516	ṣəlyɛle	qtilele
740526	siqɛle	qtilele
740528	wirɛle	qtilele
740562	pliṭṭɛla	qtilele
740621	riqɛle	qtilele
740622	pliṭɛle	qtilele
740627	zilɛle	qtilele
740688	zilɛle	qtilele
740747	pištɛla	qtilele
740836	ʾəθyɛle	qtilele
740927	pliṭɛle	qtilele
740946	siqɛle	qtilele
740949	ʾəθyɛle	qtilele
740963	ṣəlyɛle	qtilele
741119	pliṭṭɛla	qtilele
741202	pliṭɛle	qtilele
741203	ʾəθyɛle	qtilele
741205	pliṭɛle	qtilele
741213	ʾəθyɛle	qtilele
741214	ʾəθyɛle	qtilele
741237	pliṭṭɛla	qtilele
741246	pliṭṭɛla	qtilele
741262	tiwtɛla	qtilele
741333	ʾəθyɛle	qtilele
741449	siqɛle	qtilele
741453	pišɛle	qtilele
741589	qimɛle	qtilele
741608	qimɛle	qtilele
741611	diṛɛle	qtilele
741676	qimɛle	qtilele
741813	θiθɛla	qtilele
741815	θiθɛla	qtilele
741918	siqtɛla	qtilele
742043	ziltɛla	qtilele
742083	ṣliθɛla	qtilele
742098	siqtɛla	qtilele
742294	ʾəθyɛle	qtilele
742324	zilɛle	qtilele
742328	zilɛle	qtilele
742395	zilɛle	qtilele
742417	pištɛla	qtilele
742462	diṛɛle	qtilele
742485	ṣliθɛla	qtilele
742486	siqtɛla	qtilele
742498	ṣəlyɛle	qtilele
742575	siqɛle	qtilele
742681	qimɛle	qtilele
742682	ṣəlyɛle	qtilele
742690	pištɛla	qtilele
742882	qimɛle	qtilele
742908	ṣliθɛla	qtilele
742911	wirtɛla	qtilele
742967	qimɛle	qtilele
742977	wirtɛla	qtilele
742983	wirtɛla	qtilele
743020	qimɛle	qtilele
743040	ʾəθyɛle	qtilele
743145	siqɛle	qtilele
743148	wirɛle	qtilele
743595	qimɛle	qtilele
743602	məṭyɛle	qtilele
743648	šqilɛle	qtilele
743671	qimɛle	qtilele
743672	siqɛle	qtilele
743673	wirɛle	qtilele
743702	ṣliθɛla	qtilele
743706	ṣliθɛla	qtilele
743776	siqɛle	qtilele
743858	qimtɛla	qtilele
743859	ziltɛla	qtilele
744090	npilɛle	qtilele
744091	qimɛle	qtilele
744125	pliṭɛle	qtilele
744284	ʾəθyɛle	qtilele
744295	pišɛle	qtilele
744337	qimɛle	qtilele
744632	ṣliθɛla	qtilele
745150	zilɛle	qtilele
745195	qimɛle	qtilele
745951	qimɛle	qtilele
746107	qimɛle	qtilele
746116	tiwɛle	qtilele
746142	zilɛle	qtilele
746146	ṣəlyɛle	qtilele
746151	ṣəlyɛle	qtilele
746327	qimɛle	qtilele
746596	qimɛle	qtilele
746617	qimɛle	qtilele
746670	zilɛle	qtilele
746776	qimɛle	qtilele
747042	qimtɛla	qtilele
747096	ṣəlyɛle	qtilele
747200	qimɛle	qtilele
747292	qimɛle	qtilele
747307	qimtɛla	qtilele
747316	qimtɛla	qtilele
747330	ziltɛla	qtilele
747357	ziltɛla	qtilele
747598	pliṭṭɛla	qtilele
748149	pliṭɛle	qtilele
748387	pišɛle	qtilele
748409	qimɛle	qtilele
748530	wirɛle	qtilele
748729	šqiltɛla	qtilele
748731	ṣliθɛla	qtilele
748860	siqɛle	qtilele
748886	qimɛle	qtilele
748942	qimtɛla	qtilele
749045	ʾəθyɛle	qtilele
749142	wirɛle	qtilele
749177	qimɛle	qtilele
749192	ʾəθyɛle	qtilele
749215	məṭyɛle	qtilele
749271	qimɛle	qtilele
749284	zilɛle	qtilele
749403	ʾəθyɛle	qtilele
749436	tiwɛle	qtilele
749441	ʾəθyɛle	qtilele
749449	tiwɛle	qtilele
749452	ziltɛla	qtilele
749453	θiθɛla	qtilele
749461	tiwtɛla	qtilele
749466	ʾəθyɛle	qtilele
749516	tiwɛle	qtilele
749708	zilɛle	qtilele
749711	npilɛle	qtilele
749715	npilɛle	qtilele
749719	zilɛle	qtilele
749720	zilɛle	qtilele
749721	zilɛle	qtilele
749726	ʾəθyɛle	qtilele
749733	riqɛle	qtilele
749741	zilɛle	qtilele
749804	qimɛle	qtilele
749808	zilɛle	qtilele
749821	zilɛle	qtilele
749827	θiθɛla	qtilele
749829	ʾəθyɛle	qtilele
749831	θiθɛla	qtilele
749833	ʾəθyɛle	qtilele
749851	ʾəθyɛle	qtilele
749854	məṭyɛle	qtilele
749884	ʾəθyɛle	qtilele
749943	qimɛle	qtilele
749973	məṭyɛle	qtilele
749975	npilɛle	qtilele
750064	qimɛle	qtilele
750065	zilɛle	qtilele
750112	qimtɛla	qtilele
750114	pliṭṭɛla	qtilele
750122	riqtɛla	qtilele
750142	wirtɛla	qtilele
750146	qimɛle	qtilele
750149	zilɛle	qtilele
750150	zilɛle	qtilele
750151	məṭyɛle	qtilele
750171	pliṭṭɛla	qtilele
750188	qimɛle	qtilele
750194	məṭyɛle	qtilele
750213	qimtɛla	qtilele
750251	qimɛle	qtilele
750294	qimɛle	qtilele
750304	npiltɛla	qtilele
750307	qimɛle	qtilele
750310	qimɛle	qtilele
750311	zilɛle	qtilele
750340	qimɛle	qtilele
750341	zilɛle	qtilele
750346	qimɛle	qtilele
750397	qimɛle	qtilele
750454	qimtɛla	qtilele
750467	pištɛla	qtilele
751019	pištɛla	qtilele
751165	pliṭɛle	qtilele
751199	tiwɛle	qtilele
751230	zilɛle	qtilele
751238	zilɛle	qtilele
751268	wirɛle	qtilele
751287	siqɛle	qtilele
751318	ʾəθyɛle	qtilele
751341	zilɛle	qtilele
751365	tiwɛle	qtilele
751368	pišɛle	qtilele
751374	tiwɛle	qtilele
751513	riqtɛla	qtilele
751514	riqtɛla	qtilele
751516	ṣliθɛla	qtilele
751531	ṣəlyɛle	qtilele
751546	wirtɛla	qtilele
751567	ziltɛla	qtilele
751674	tiwɛle	qtilele
751733	ʾəθyɛle	qtilele
751924	ʾəθyɛle	qtilele
751968	qimɛle	qtilele
752161	zilɛle	qtilele
752198	wirɛle	qtilele
752226	tiwɛle	qtilele
752349	ʾəθyɛle	qtilele
752379	qimɛle	qtilele
752439	ṣəlyɛle	qtilele
752532	qimɛle	qtilele
752605	qimɛle	qtilele
752628	pliṭɛle	qtilele
752702	pišɛle	qtilele
752715	ṣəlyɛle	qtilele
752720	ṣəlyɛle	qtilele
752823	qimɛle	qtilele
752824	ṣəlyɛle	qtilele
752870	zilɛle	qtilele
752985	ziltɛla	qtilele
752987	pištɛla	qtilele
753102	ṣliθɛla	qtilele
753198	riqɛle	qtilele
753203	məṭyɛle	qtilele
753210	npilɛle	qtilele
753302	qimɛle	qtilele
753331	qimɛle	qtilele
753348	ziltɛla	qtilele
753526	qimɛle	qtilele
753557	məṭyɛle	qtilele
753566	pliṭɛle	qtilele
753708	qimɛle	qtilele
753715	qimɛle	qtilele
753717	ṣəlyɛle	qtilele
753985	ṣəlyɛle	qtilele
754099	tiwtɛla	qtilele
754102	qimɛle	qtilele
754112	tiwtɛla	qtilele
754127	qimɛle	qtilele
754131	pištɛla	qtilele
754199	wirɛle	qtilele
754202	ziltɛla	qtilele
754216	wirɛle	qtilele
754220	qimtɛla	qtilele
754380	riqɛle	qtilele
754476	zilɛle	qtilele
754645	qimɛle	qtilele
754646	šqilɛle	qtilele
754659	qimɛle	qtilele
754735	qimɛle	qtilele
755058	qimtɛla	qtilele
755083	θiθɛla	qtilele
755139	pišɛle	qtilele
755151	qimtɛla	qtilele
755186	qimtɛla	qtilele
755370	qimɛle	qtilele
755382	zilɛle	qtilele
755384	məṭyɛle	qtilele
755627	qimɛle	qtilele
755643	zilɛle	qtilele
755654	siqɛle	qtilele
755724	qimɛle	qtilele
755755	zilɛle	qtilele
755792	ʾəθyɛle	qtilele
755793	siqɛle	qtilele
755972	siqɛle	qtilele
755997	ṣəlyɛle	qtilele
756016	siqɛle	qtilele
756050	ṣəlyɛle	qtilele
756098	siqtɛla	qtilele
756131	šqilɛle	qtilele
756136	npiltɛla	qtilele
756142	qimɛle	qtilele
756505	qimɛle	qtilele
756844	pištɛla	qtilele
756912	pištɛla	qtilele
756914	qimɛle	qtilele
756947	qimɛle	qtilele
757046	qimɛle	qtilele
757049	qimtɛla	qtilele
757118	qimɛle	qtilele
757193	qimtɛla	qtilele
757219	qimɛle	qtilele
757226	qimtɛla	qtilele
757232	ʾəθyɛle	qtilele
757234	diṛɛle	qtilele
757253	qimtɛla	qtilele
757255	tiwtɛla	qtilele
757502	tiwtɛla	qtilele
757568	qimɛle	qtilele
757586	zilɛle	qtilele
757743	qimtɛla	qtilele
757779	pišɛle	qtilele
757800	qimɛle	qtilele
758140	ziltɛla	qtilele
758145	siqɛle	qtilele
758160	ṣəlyɛle	qtilele
758187	siqɛle	qtilele
758267	qimɛle	qtilele
758273	siqɛle	qtilele
758296	ṣəlyɛle	qtilele
758313	pišɛle	qtilele
758336	ṣəlyɛle	qtilele
758337	ṣəlyɛle	qtilele
758338	məṭyɛle	qtilele
758753	siqɛle	qtilele
758754	siqɛle	qtilele
758930	siqɛle	qtilele
758931	siqɛle	qtilele
758934	məṭyɛle	qtilele
758950	tiwɛle	qtilele
759172	qimtɛla	qtilele
759173	ṣliθɛla	qtilele
759183	θiθɛla	qtilele
759393	wirɛle	qtilele
759456	wirɛle	qtilele
759484	ṣəlyɛle	qtilele
759674	pišɛle	qtilele
759697	pišɛle	qtilele
759720	qimɛle	qtilele
759784	qimtɛla	qtilele
759793	siqtɛla	qtilele
759866	qimɛle	qtilele
759869	siqɛle	qtilele
759870	siqɛle	qtilele
760242	ʾəθyɛle	qtilele
760266	zilɛle	qtilele
760267	pišɛle	qtilele
760361	ʾəθyɛle	qtilele
760530	ʾəθyɛle	qtilele
760537	ʾəθyɛle	qtilele
760589	ʾəθyɛle	qtilele
760605	zilɛle	qtilele
760618	ʾəθyɛle	qtilele
760679	qimɛle	qtilele
760687	zilɛle	qtilele
760688	məṭyɛle	qtilele
760976	pliṭṭɛla	qtilele
760977	tiwɛle	qtilele
761073	θiθɛla	qtilele
761194	pliṭɛle	qtilele
761196	ʾəθyɛle	qtilele
761385	zilɛle	qtilele
761386	ʾəθyɛle	qtilele
761532	qimɛle	qtilele
761538	qimɛle	qtilele
761539	diṛɛle	qtilele
761680	ʾəθyɛle	qtilele
761688	zilɛle	qtilele
761726	npilɛle	qtilele
761760	ʾəθyɛle	qtilele
761776	npilɛle	qtilele
761818	ʾəθyɛle	qtilele
761824	ʾəθyɛle	qtilele
761827	pišɛle	qtilele
761851	zilɛle	qtilele
761925	qimɛle	qtilele
761926	zilɛle	qtilele
761927	pišɛle	qtilele
761933	pišɛle	qtilele
762084	pliṭṭɛla	qtilele
762102	riqtɛla	qtilele
762103	wirtɛla	qtilele
762115	zilɛle	qtilele
762274	ṣəlyɛle	qtilele
762308	pliṭṭɛla	qtilele
762334	riqtɛla	qtilele
762379	qimɛle	qtilele
762381	pliṭɛle	qtilele
762536	qimtɛla	qtilele
762537	šqiltɛla	qtilele
762620	qimtɛla	qtilele
762628	ziltɛla	qtilele
762675	θiθɛla	qtilele
762744	mṭiθɛla	qtilele
762774	qimtɛla	qtilele
762820	tiwɛle	qtilele
763033	ṣliθɛla	qtilele
763070	ṣliθɛla	qtilele
763113	pliṭɛle	qtilele
763136	qimtɛla	qtilele
763229	qimɛle	qtilele
763280	qimɛle	qtilele
763397	qimɛle	qtilele
763440	zilɛle	qtilele
763476	qimtɛla	qtilele
763509	pišɛle	qtilele
763529	qimɛle	qtilele
763534	qimɛle	qtilele
763539	šqilɛle	qtilele
763667	qimtɛla	qtilele
763672	zilɛle	qtilele
763674	zilɛle	qtilele
763721	qimɛle	qtilele
763743	qimɛle	qtilele
763880	tiwɛle	qtilele
763882	tiwɛle	qtilele
763886	θiθɛla	qtilele
763890	wirtɛla	qtilele
764016	qimɛle	qtilele
764085	wirɛle	qtilele
764139	wirɛle	qtilele
764151	ṣəlyɛle	qtilele
764224	ʾəθyɛle	qtilele
764414	qimɛle	qtilele
764417	zilɛle	qtilele
764489	θiθɛla	qtilele
764500	qimɛle	qtilele
764598	qimɛle	qtilele
764716	qimɛle	qtilele
764815	zilɛle	qtilele
764938	qimɛle	qtilele
764952	ṣəlyɛle	qtilele
764964	ṣəlyɛle	qtilele
765237	zilɛle	qtilele
765547	θiθɛla	qtilele
765636	qimɛle	qtilele
765647	pišɛle	qtilele
765836	qimɛle	qtilele
765839	ṣəlyɛle	qtilele
765841	ṣəlyɛle	qtilele
766025	pišɛle	qtilele
766097	ṣliθɛla	qtilele
766149	šqiltɛla	qtilele
766239	šqiltɛla	qtilele
766288	ziltɛla	qtilele
766440	pliṭɛle	qtilele
766441	zilɛle	qtilele
766536	qimɛle	qtilele
766552	pišɛle	qtilele
766582	tiwɛle	qtilele
766603	tiwɛle	qtilele
766644	qimɛle	qtilele
766645	šqilɛle	qtilele
766669	ʾəθyɛle	qtilele
766765	qimɛle	qtilele
766766	šqilɛle	qtilele
766769	wirɛle	qtilele
766806	qimtɛla	qtilele
766818	pliṭṭɛla	qtilele
766819	ziltɛla	qtilele
766847	qimɛle	qtilele
766848	zilɛle	qtilele
766891	zilɛle	qtilele
766892	zilɛle	qtilele
766979	siqɛle	qtilele
766981	siqɛle	qtilele
766986	ṣəlyɛle	qtilele
767086	zilɛle	qtilele
767087	riqɛle	qtilele
767133	ʾəθyɛle	qtilele
767257	zilɛle	qtilele
767493	tiwɛle	qtilele
767607	qimɛle	qtilele
767984	qimtɛla	qtilele
768008	qimtɛla	qtilele
768033	qimtɛla	qtilele
768071	qimɛle	qtilele
768080	qimɛle	qtilele
768306	tiwɛle	qtilele
768685	qimɛle	qtilele
768737	qimɛle	qtilele
768785	qimɛle	qtilele
768802	zilɛle	qtilele
768827	ʾəθyɛle	qtilele
768843	zilɛle	qtilele
768887	qimɛle	qtilele
768888	zilɛle	qtilele
768933	ʾəθyɛle	qtilele
768971	qimɛle	qtilele
768986	qimɛle	qtilele
768996	siqɛle	qtilele
769041	qimɛle	qtilele
769042	pliṭɛle	qtilele
769140	riqɛle	qtilele
769142	ṣəlyɛle	qtilele
769240	ʾəθyɛle	qtilele
769308	siqɛle	qtilele
769367	qimɛle	qtilele
769404	ṣəlyɛle	qtilele
769637	qimɛle	qtilele
769676	zilɛle	qtilele
769680	zilɛle	qtilele
769810	qimɛle	qtilele
769837	zilɛle	qtilele
769842	ziltɛla	qtilele
769951	qimɛle	qtilele
769999	qimtɛla	qtilele
770024	qimɛle	qtilele
770202	qimɛle	qtilele
770224	siqɛle	qtilele
770303	qimɛle	qtilele
770306	siqɛle	qtilele
770504	qimɛle	qtilele
770547	ʾəθyɛle	qtilele
770552	wirɛle	qtilele
770556	diṛɛle	qtilele
770560	diṛɛle	qtilele
770596	qimɛle	qtilele
770626	ʾəθyɛle	qtilele
770629	tiwɛle	qtilele
770711	qimɛle	qtilele
770717	qimɛle	qtilele
770974	ṣəlyɛle	qtilele
771081	qimɛle	qtilele
771086	siqɛle	qtilele
771098	siqɛle	qtilele
771126	qimɛle	qtilele
771140	siqɛle	qtilele
771143	siqɛle	qtilele
771185	qimɛle	qtilele
771198	npiltɛla	qtilele
771215	qimɛle	qtilele
771219	tiwɛle	qtilele
771224	ṣəlyɛle	qtilele
771324	siqɛle	qtilele
771332	siqɛle	qtilele
771363	qimɛle	qtilele
771377	qimɛle	qtilele
771378	pišɛle	qtilele
771381	diṛɛle	qtilele
771382	diṛɛle	qtilele
771435	qimɛle	qtilele
771439	siqɛle	qtilele
771472	qimɛle	qtilele
771474	tiwɛle	qtilele
771478	ṣəlyɛle	qtilele
771481	θiθɛla	qtilele
771488	θiθɛla	qtilele
771507	θiθɛla	qtilele
771512	qimtɛla	qtilele
771577	qimtɛla	qtilele
771578	siqtɛla	qtilele
771614	qimɛle	qtilele
771626	siqɛle	qtilele
771650	ṣəlyɛle	qtilele
771657	ʾəθyɛle	qtilele
771668	tiwɛle	qtilele
771683	ʾəθyɛle	qtilele
771717	qimɛle	qtilele
771732	tiwɛle	qtilele
771734	qimɛle	qtilele
771764	zilɛle	qtilele
771788	qimɛle	qtilele
771864	qimɛle	qtilele
771865	pliṭɛle	qtilele
771874	qimɛle	qtilele
771991	siqɛle	qtilele
772179	qimɛle	qtilele
772182	ʾəθyɛle	qtilele
772205	qimɛle	qtilele
772207	siqɛle	qtilele
772212	siqɛle	qtilele
772233	qimtɛla	qtilele
772248	ṣəlyɛle	qtilele
772319	qimɛle	qtilele
772327	qimɛle	qtilele
772330	qimɛle	qtilele
772377	qimɛle	qtilele
772418	ʾəθyɛle	qtilele
772514	siqtɛla	qtilele
772611	qimtɛla	qtilele
772854	qimɛle	qtilele
772855	siqɛle	qtilele
773226	ziltɛla	qtilele
773228	ziltɛla	qtilele
773261	qimtɛla	qtilele
773262	šqiltɛla	qtilele
773267	qimɛle	qtilele
773324	ziltɛla	qtilele
773335	ziltɛla	qtilele
773369	pliṭṭɛla	qtilele
773480	tiwtɛla	qtilele
773493	tiwtɛla	qtilele
773496	θiθɛla	qtilele
773511	mṭiθɛla	qtilele
773562	wirtɛla	qtilele
773563	pištɛla	qtilele
773610	qimtɛla	qtilele
773689	zilɛle	qtilele
773690	məṭyɛle	qtilele
773711	siqtɛla	qtilele
773715	siqtɛla	qtilele
773719	θiθɛla	qtilele
773760	tiwtɛla	qtilele
773766	ziltɛla	qtilele
773768	mṭiθɛla	qtilele
773774	θiθɛla	qtilele
773775	siqtɛla	qtilele
773832	θiθɛla	qtilele
773835	θiθɛla	qtilele
773838	θiθɛla	qtilele
773839	mṭiθɛla	qtilele
773886	pišɛle	qtilele
773888	šqilɛle	qtilele
773890	šqilɛle	qtilele
774003	θiθɛla	qtilele
774012	qimɛle	qtilele
774065	pišɛle	qtilele
774075	ʾəθyɛle	qtilele
774155	ʾəθyɛle	qtilele
774312	siqɛle	qtilele
774384	tiwɛle	qtilele
774410	ṣliθɛla	qtilele
774451	siqtɛla	qtilele
774507	qimɛle	qtilele
774527	qimɛle	qtilele
774637	zilɛle	qtilele
774664	pišɛle	qtilele
774666	pišɛle	qtilele
774976	qimɛle	qtilele
774977	zilɛle	qtilele
774978	zilɛle	qtilele
774982	siqɛle	qtilele
774995	siqɛle	qtilele
775040	qimɛle	qtilele
775041	šqilɛle	qtilele
775070	qimɛle	qtilele
775071	diṛɛle	qtilele
775072	zilɛle	qtilele
775078	zilɛle	qtilele
775111	qimɛle	qtilele
775122	zilɛle	qtilele
775123	məṭyɛle	qtilele
775197	qimɛle	qtilele
775244	qimɛle	qtilele
775294	θiθɛla	qtilele
775301	qimɛle	qtilele
775319	siqɛle	qtilele
775320	siqɛle	qtilele
775344	qimɛle	qtilele
775346	pišɛle	qtilele
775358	qimtɛla	qtilele
775360	θiθɛla	qtilele
775370	tiwtɛla	qtilele
775386	siqɛle	qtilele
775389	siqɛle	qtilele
775401	qimɛle	qtilele
775403	qimɛle	qtilele
775405	siqɛle	qtilele
775442	qimɛle	qtilele
775443	siqɛle	qtilele
775454	siqɛle	qtilele
775555	qimɛle	qtilele
775557	šqilɛle	qtilele
775564	šqilɛle	qtilele
775599	qimɛle	qtilele
775600	zilɛle	qtilele
775601	zilɛle	qtilele
775607	tiwɛle	qtilele
775611	məṭyɛle	qtilele
775620	zilɛle	qtilele
775621	wirɛle	qtilele
775623	pišɛle	qtilele
775634	qimtɛla	qtilele
775638	pliṭṭɛla	qtilele
775705	qimɛle	qtilele
775707	siqɛle	qtilele
775764	qimɛle	qtilele
775766	ʾəθyɛle	qtilele
775835	riqtɛla	qtilele
775836	ṣliθɛla	qtilele
775875	zilɛle	qtilele
775944	qimɛle	qtilele
775949	zilɛle	qtilele
776002	zilɛle	qtilele
776003	məṭyɛle	qtilele
776045	θiθɛla	qtilele
776046	θiθɛla	qtilele
776084	pliṭɛle	qtilele
776086	ʾəθyɛle	qtilele
776115	pišɛle	qtilele
776120	qimɛle	qtilele
776121	zilɛle	qtilele
776130	tiwɛle	qtilele
776149	qimɛle	qtilele
776153	siqɛle	qtilele
776183	diṛtɛla	qtilele
776187	qimɛle	qtilele
776188	ṣəlyɛle	qtilele
776189	ṣəlyɛle	qtilele
776256	qimtɛla	qtilele
776264	šqilɛle	qtilele
776275	tiwɛle	qtilele
776278	zilɛle	qtilele
776305	diṛtɛla	qtilele
776306	pištɛla	qtilele
776308	qimtɛla	qtilele
776314	pišɛle	qtilele
776330	qimtɛla	qtilele
776335	diṛɛle	qtilele
776336	pištɛla	qtilele
776385	qimɛle	qtilele
776393	qimɛle	qtilele
776394	zilɛle	qtilele
776405	ʾəθyɛle	qtilele
776414	θiθɛla	qtilele
776417	tiwɛle	qtilele
776421	ʾəθyɛle	qtilele
776422	ʾəθyɛle	qtilele
776441	pliṭṭɛla	qtilele
776444	ziltɛla	qtilele
776455	diṛɛle	qtilele
776460	ʾəθyɛle	qtilele
776466	tiwɛle	qtilele
776473	diṛɛle	qtilele
776516	ʾəθyɛle	qtilele
776521	ʾəθyɛle	qtilele
776693	ʾəθyɛle	qtilele
776696	qimɛle	qtilele
776713	tiwɛle	qtilele
776718	zilɛle	qtilele
776719	zilɛle	qtilele
776723	məṭyɛle	qtilele
776725	məṭyɛle	qtilele
776760	qimɛle	qtilele
776790	zilɛle	qtilele
776819	qimɛle	qtilele
776943	siqɛle	qtilele
776997	qimɛle	qtilele
777045	siqɛle	qtilele
777051	siqɛle	qtilele
777062	qimɛle	qtilele
777067	qimɛle	qtilele
777128	zilɛle	qtilele
777164	qimtɛla	qtilele
777233	qimɛle	qtilele
777254	zilɛle	qtilele
777256	zilɛle	qtilele
777344	qimɛle	qtilele
777391	pišɛle	qtilele
777393	ṣəlyɛle	qtilele
777394	ṣəlyɛle	qtilele
777427	qimɛle	qtilele
777433	pišɛle	qtilele
777436	qimɛle	qtilele
777450	tiwɛle	qtilele
777485	qimɛle	qtilele
777486	θiθɛla	qtilele
777563	tiwɛle	qtilele
777813	qimɛle	qtilele
777814	pliṭɛle	qtilele
777815	ʾəθyɛle	qtilele
777942	qimɛle	qtilele
777947	zilɛle	qtilele
778088	ʾəθyɛle	qtilele
778143	qimɛle	qtilele
778172	qimɛle	qtilele
778291	ṣəlyɛle	qtilele
778319	qimɛle	qtilele
778538	qimɛle	qtilele
778604	siqɛle	qtilele
778733	qimɛle	qtilele
778737	tiwɛle	qtilele
778739	tiwɛle	qtilele
778970	ṣəlyɛle	qtilele
778975	ṣəlyɛle	qtilele
779119	qimɛle	qtilele
779128	zilɛle	qtilele
779132	ʾəθyɛle	qtilele
779133	məṭyɛle	qtilele
779242	qimɛle	qtilele
779620	qimɛle	qtilele
779621	zilɛle	qtilele
779741	pliṭɛle	qtilele
779774	pišɛle	qtilele
779820	qimɛle	qtilele
779824	pliṭɛle	qtilele
779899	mṭiθɛla	qtilele
779937	zilɛle	qtilele
779967	zilɛle	qtilele
779996	qimɛle	qtilele
780015	qimɛle	qtilele
780036	qimɛle	qtilele
780038	məṭyɛle	qtilele
780042	pliṭɛle	qtilele
780091	qimɛle	qtilele
780093	məṭyɛle	qtilele
780095	wirɛle	qtilele
780096	məṭyɛle	qtilele
780389	zilɛle	qtilele
780521	qimɛle	qtilele
780522	wirɛle	qtilele
780540	ʾəθyɛle	qtilele
780658	qimtɛla	qtilele
780673	zilɛle	qtilele
780678	zilɛle	qtilele
780723	qimɛle	qtilele
780917	qimɛle	qtilele
780923	ʾəθyɛle	qtilele
780925	wirɛle	qtilele
781007	qimɛle	qtilele
781015	qimɛle	qtilele
781035	zilɛle	qtilele
781077	qimtɛla	qtilele
781078	ziltɛla	qtilele
781140	riqɛle	qtilele
781142	zilɛle	qtilele
781143	zilɛle	qtilele
781145	qimtɛla	qtilele
781187	ʾəθyɛle	qtilele
781232	qimɛle	qtilele
781337	wirɛle	qtilele
781357	qimɛle	qtilele
781359	ʾəθyɛle	qtilele
781384	wirɛle	qtilele
781389	pliṭɛle	qtilele
781477	ziltɛla	qtilele
739838	pliṭla	qtille
740222	pliṭle	qtille
740231	pišle	qtille
740423	zilla	qtille
740513	θele	qtille
740571	ṣlela	qtille
740756	θele	qtille
740761	ṣlele	qtille
740773	pliṭle	qtille
740899	tiwle	qtille
741035	θele	qtille
741198	pliṭle	qtille
741200	siqle	qtille
741256	pišla	qtille
741409	qimla	qtille
741410	diṛṛa	qtille
741412	diṛṛa	qtille
741609	diṛṛe	qtille
742017	pliṭle	qtille
742373	θele	qtille
742523	pišla	qtille
742705	θela	qtille
742730	pišla	qtille
742936	riqla	qtille
742937	siqla	qtille
743239	zilla	qtille
743249	qimla	qtille
743251	zilla	qtille
743255	qimla	qtille
743263	zilla	qtille
743314	qimla	qtille
743356	qimle	qtille
743357	zilla	qtille
743421	šqilla	qtille
743425	pliṭla	qtille
743437	θela	qtille
743456	šqille	qtille
743458	zille	qtille
743474	pišla	qtille
743498	pišle	qtille
743505	pišle	qtille
743514	θele	qtille
743517	θele	qtille
743519	θela	qtille
743529	qimle	qtille
743530	tiwle	qtille
743576	pišla	qtille
743729	θela	qtille
743787	riqle	qtille
743799	qimla	qtille
743801	wirra	qtille
743806	ṣlele	qtille
743822	riqle	qtille
743825	riqle	qtille
743826	zille	qtille
743922	tiwle	qtille
743935	pišle	qtille
743937	pišle	qtille
743939	pišle	qtille
743942	qimle	qtille
743947	pišla	qtille
743949	pišla	qtille
743983	zille	qtille
743984	tiwle	qtille
743988	mṭele	qtille
744035	zille	qtille
744038	θele	qtille
744106	pišle	qtille
744133	zille	qtille
744134	wirre	qtille
744141	pliṭle	qtille
744152	pliṭle	qtille
744156	θele	qtille
744157	wirre	qtille
744259	wirre	qtille
744270	zilla	qtille
744381	qimle	qtille
744386	zille	qtille
744389	pliṭle	qtille
744391	qimle	qtille
744453	zilla	qtille
744522	qimla	qtille
744559	pišla	qtille
744574	ṣlela	qtille
744576	ṣlela	qtille
744799	zilla	qtille
744818	θele	qtille
744831	pišla	qtille
744972	zilla	qtille
744973	zilla	qtille
745034	ṣlela	qtille
745093	zilla	qtille
745097	zilla	qtille
745125	pišla	qtille
745130	θele	qtille
745137	θele	qtille
745287	qimle	qtille
745353	pišla	qtille
745361	qimle	qtille
745370	pišla	qtille
745372	pišla	qtille
745389	θela	qtille
745658	θela	qtille
745828	pišle	qtille
745830	pišle	qtille
745855	θela	qtille
745876	wirre	qtille
745942	zille	qtille
746535	θela	qtille
746733	qimle	qtille
746924	pišle	qtille
746955	zille	qtille
746957	θele	qtille
746974	zille	qtille
747258	θela	qtille
747485	zille	qtille
748005	zilla	qtille
748006	zilla	qtille
748007	mṭela	qtille
748017	ṣlele	qtille
748037	θele	qtille
748129	θela	qtille
748280	θela	qtille
748320	θela	qtille
748497	siqle	qtille
748506	riqle	qtille
748507	siqle	qtille
748515	wirre	qtille
748525	pišle	qtille
748555	θele	qtille
748556	riqle	qtille
748590	ṣlele	qtille
748682	pišla	qtille
748701	siqla	qtille
748703	ṣlela	qtille
748820	ṣlele	qtille
749015	pliṭle	qtille
749016	qimle	qtille
749087	θele	qtille
749150	zilla	qtille
749154	zilla	qtille
749329	diṛṛe	qtille
749333	zille	qtille
749369	zille	qtille
749383	θela	qtille
749385	θela	qtille
749393	θela	qtille
749747	pišle	qtille
749753	pišle	qtille
749759	θele	qtille
749783	θela	qtille
749843	θele	qtille
749986	θele	qtille
750074	zille	qtille
750077	mṭele	qtille
750079	mṭele	qtille
750360	θele	qtille
750529	qimla	qtille
750574	pišle	qtille
750708	pliṭle	qtille
750783	pišla	qtille
750862	zille	qtille
750923	ṣlele	qtille
750952	zilla	qtille
750967	ṣlela	qtille
750970	ṣlela	qtille
750973	θela	qtille
750979	θele	qtille
750980	zilla	qtille
750998	zille	qtille
751002	zille	qtille
751027	zille	qtille
751031	zilla	qtille
751040	ṣlele	qtille
751093	pišle	qtille
751097	pišle	qtille
751132	pliṭle	qtille
751144	zille	qtille
751145	zille	qtille
751146	zille	qtille
751148	θele	qtille
751150	θele	qtille
751192	riqle	qtille
751323	θele	qtille
751324	wirre	qtille
751553	pišla	qtille
751624	zilla	qtille
751636	zilla	qtille
751804	pišla	qtille
752029	šqilla	qtille
752040	ṣlele	qtille
752143	pišle	qtille
752560	pišle	qtille
752573	pišle	qtille
752612	mṭele	qtille
752780	qimle	qtille
752832	ṣlele	qtille
752915	pišla	qtille
752918	qimla	qtille
752920	zilla	qtille
752922	pišla	qtille
752999	θele	qtille
753096	zilla	qtille
753097	zilla	qtille
753169	θele	qtille
753185	θele	qtille
753208	θele	qtille
753219	θele	qtille
753221	qimle	qtille
753222	pliṭle	qtille
753228	zilla	qtille
753264	zille	qtille
753370	ṣlela	qtille
753375	θele	qtille
753437	zilla	qtille
753441	θele	qtille
753459	ṣlele	qtille
753485	mṭele	qtille
753489	θele	qtille
753532	ṣlele	qtille
753603	siqle	qtille
753609	pliṭla	qtille
753677	zilla	qtille
753733	pišle	qtille
753825	ṣlele	qtille
753877	ṣlele	qtille
753926	npille	qtille
753954	pišle	qtille
753961	θele	qtille
753996	šqille	qtille
754023	qimle	qtille
754026	npille	qtille
754148	ṣlela	qtille
754166	riqle	qtille
754168	riqle	qtille
754171	qimla	qtille
754177	zilla	qtille
754178	zilla	qtille
754182	wirre	qtille
754184	wirre	qtille
754306	pišla	qtille
754334	npille	qtille
754347	npille	qtille
754355	ṣlela	qtille
754368	pišle	qtille
754435	qimle	qtille
754436	zille	qtille
754442	pišle	qtille
754449	pišle	qtille
754499	qimle	qtille
754502	wirre	qtille
754504	wirre	qtille
754749	šqille	qtille
754755	θele	qtille
754756	θele	qtille
754769	mṭele	qtille
754799	θele	qtille
754803	θele	qtille
754875	pišle	qtille
754972	pišla	qtille
754999	zilla	qtille
755097	zilla	qtille
755230	zilla	qtille
755232	pišla	qtille
755246	pišle	qtille
755274	zille	qtille
755292	θele	qtille
755402	ṣlela	qtille
755507	zille	qtille
755542	zille	qtille
755655	šqille	qtille
755672	θele	qtille
755696	pliṭla	qtille
755869	pišla	qtille
755910	zilla	qtille
755915	zilla	qtille
755931	qimle	qtille
756343	ṣlela	qtille
756349	ṣlela	qtille
756366	pišle	qtille
756539	zille	qtille
756556	pišla	qtille
756565	zille	qtille
756572	qimla	qtille
756605	θele	qtille
756628	npilla	qtille
756669	pišla	qtille
756674	pišla	qtille
756847	θele	qtille
757072	zille	qtille
757075	θele	qtille
757261	qimla	qtille
757281	ṣlela	qtille
757291	θela	qtille
757292	siqla	qtille
757293	siqla	qtille
757294	pišla	qtille
757512	θele	qtille
757687	pišla	qtille
757718	qimla	qtille
757719	ṣlela	qtille
757752	pišla	qtille
757754	qimla	qtille
757920	pišla	qtille
758015	θele	qtille
758057	pišla	qtille
758059	pišla	qtille
758091	siqle	qtille
758225	ṣlele	qtille
758226	ṣlele	qtille
758375	θele	qtille
758377	θele	qtille
758391	pišla	qtille
758395	ṣlele	qtille
758396	mṭele	qtille
758426	θela	qtille
758453	ṣlela	qtille
758454	mṭele	qtille
758482	ṣlela	qtille
758484	mṭela	qtille
758491	ṣlele	qtille
758492	ṣlele	qtille
758555	šqille	qtille
758556	šqille	qtille
758557	šqille	qtille
758637	qimla	qtille
758638	siqla	qtille
758639	siqla	qtille
758643	siqle	qtille
758700	siqla	qtille
758807	ṣlela	qtille
758808	pišle	qtille
758940	pišle	qtille
758955	θele	qtille
759070	pliṭle	qtille
759091	riqle	qtille
759146	θela	qtille
759203	mṭela	qtille
759207	siqla	qtille
759213	ṣlela	qtille
759215	ṣlela	qtille
759236	pliṭle	qtille
759239	θele	qtille
759321	pišla	qtille
759324	qimla	qtille
759325	pliṭla	qtille
759341	zilla	qtille
759342	mṭela	qtille
759361	θela	qtille
759368	npilla	qtille
759369	npilla	qtille
759379	pišla	qtille
759386	θele	qtille
759387	θele	qtille
759388	mṭele	qtille
759403	pišla	qtille
759531	qimla	qtille
759610	θele	qtille
759614	θele	qtille
759910	zille	qtille
760741	pišle	qtille
761190	zilla	qtille
761191	mṭela	qtille
761220	pišla	qtille
761299	θele	qtille
761309	šqilla	qtille
761703	θele	qtille
761710	θele	qtille
762370	ṣlela	qtille
762424	šqille	qtille
762430	pišle	qtille
762444	θela	qtille
762445	ṣlela	qtille
762459	ṣlela	qtille
762467	ṣlela	qtille
762548	qimla	qtille
762567	θela	qtille
762574	θela	qtille
762588	ṣlele	qtille
762595	siqla	qtille
762601	ṣlela	qtille
762603	ṣlela	qtille
762605	pišla	qtille
762618	pišla	qtille
762710	mṭele	qtille
762734	pišle	qtille
762803	pišla	qtille
762840	θele	qtille
762881	zille	qtille
762886	zille	qtille
762910	siqla	qtille
762953	qimle	qtille
762954	siqle	qtille
762955	siqle	qtille
763579	θela	qtille
763620	ṣlela	qtille
763644	pliṭle	qtille
763809	zilla	qtille
763935	zille	qtille
763952	pišla	qtille
763959	θela	qtille
763975	θela	qtille
763977	wirra	qtille
764006	ṣlela	qtille
764092	θele	qtille
764222	riqle	qtille
764238	qimle	qtille
764241	θele	qtille
764242	zille	qtille
764326	wirra	qtille
764357	θele	qtille
764360	θele	qtille
764524	pišle	qtille
764544	zille	qtille
764545	mṭele	qtille
764557	mṭele	qtille
764561	mṭele	qtille
764576	tiwle	qtille
764719	θele	qtille
764720	siqle	qtille
764820	θele	qtille
764824	ṣlele	qtille
764826	tiwle	qtille
764834	qimle	qtille
764842	zille	qtille
764844	zille	qtille
764846	θele	qtille
764851	zille	qtille
764890	θele	qtille
764919	qimle	qtille
765090	zilla	qtille
765091	siqla	qtille
765109	siqla	qtille
765111	wirra	qtille
765286	θele	qtille
765289	θele	qtille
765290	zille	qtille
765298	zille	qtille
765299	θele	qtille
765304	θele	qtille
765307	diṛṛe	qtille
765584	pišla	qtille
765861	θele	qtille
765877	qimle	qtille
765884	pišle	qtille
765911	θele	qtille
765919	qimle	qtille
765924	npille	qtille
765926	npille	qtille
765927	θele	qtille
765936	zilla	qtille
765937	θela	qtille
765949	pišle	qtille
765951	pišle	qtille
765953	pišle	qtille
765959	zille	qtille
765961	siqle	qtille
765984	θele	qtille
766011	θele	qtille
766014	θele	qtille
766028	npille	qtille
766029	θele	qtille
766048	npille	qtille
766057	zille	qtille
766184	siqla	qtille
766198	ṣlela	qtille
766277	ṣlela	qtille
766302	θele	qtille
766349	šqilla	qtille
766350	šqilla	qtille
766359	siqla	qtille
766360	siqla	qtille
766446	θele	qtille
766466	tiwle	qtille
766499	θele	qtille
766555	zilla	qtille
766557	θela	qtille
766566	θele	qtille
766584	mṭele	qtille
766620	θele	qtille
766662	θele	qtille
766735	θele	qtille
766917	diṛṛe	qtille
766959	θele	qtille
767048	pliṭle	qtille
767096	diṛṛa	qtille
767110	zille	qtille
767116	θele	qtille
767146	siqla	qtille
767151	siqla	qtille
767162	ṣlela	qtille
767165	θela	qtille
767166	wirra	qtille
767182	zilla	qtille
767240	pišle	qtille
767262	šqille	qtille
767319	šqille	qtille
767321	zille	qtille
767367	ṣlele	qtille
767442	siqle	qtille
767446	diṛṛe	qtille
767478	pišle	qtille
767512	θela	qtille
767549	qimle	qtille
767552	ṣlele	qtille
767555	ṣlele	qtille
767589	qimle	qtille
767611	mṭele	qtille
767636	zille	qtille
767642	pliṭla	qtille
767677	ṣlele	qtille
767682	ṣlele	qtille
767740	qimla	qtille
767743	npille	qtille
767856	wirra	qtille
767862	wirra	qtille
767866	pliṭla	qtille
767867	wirra	qtille
767870	pliṭla	qtille
767969	mṭela	qtille
768025	ṣlela	qtille
768051	ṣlela	qtille
768052	ṣlela	qtille
768055	qimla	qtille
768099	zilla	qtille
768102	θela	qtille
768193	siqla	qtille
768359	zilla	qtille
768485	pišle	qtille
768489	qimla	qtille
768490	zilla	qtille
768494	zilla	qtille
768522	zille	qtille
768528	zille	qtille
768631	zilla	qtille
768718	qimle	qtille
768936	θele	qtille
769016	θele	qtille
769027	θele	qtille
769029	θele	qtille
769030	θele	qtille
769031	θele	qtille
769152	θele	qtille
769304	pišle	qtille
769306	pišla	qtille
769374	zille	qtille
769375	zille	qtille
769376	zille	qtille
769377	zille	qtille
769378	mṭele	qtille
769392	θele	qtille
769421	ṣlela	qtille
769437	siqla	qtille
769857	zilla	qtille
769861	zilla	qtille
769865	zilla	qtille
769883	mṭele	qtille
770045	pišla	qtille
770233	mṭela	qtille
770236	qimla	qtille
770239	siqla	qtille
770392	qimla	qtille
770623	zilla	qtille
770633	θele	qtille
770753	diṛṛa	qtille
770763	pišle	qtille
770765	tiwle	qtille
770772	θela	qtille
770774	θela	qtille
770779	θela	qtille
770857	qimle	qtille
770859	diṛṛe	qtille
770861	diṛṛe	qtille
770862	pišle	qtille
770879	θela	qtille
771233	diṛṛe	qtille
771234	θele	qtille
771362	zilla	qtille
771447	ṣlela	qtille
771526	pišla	qtille
771666	θele	qtille
771738	pišle	qtille
772039	zille	qtille
772040	zille	qtille
772072	θela	qtille
772088	tiwle	qtille
772194	riqle	qtille
772267	npilla	qtille
772391	siqle	qtille
772518	θela	qtille
772743	wirra	qtille
772917	θele	qtille
773025	pliṭle	qtille
773027	pliṭle	qtille
773037	pišle	qtille
773051	siqle	qtille
773061	zille	qtille
773091	siqle	qtille
773101	tiwle	qtille
773109	qimle	qtille
773392	riqla	qtille
773393	mṭela	qtille
773399	mṭela	qtille
773412	zilla	qtille
773444	pišla	qtille
773634	zilla	qtille
773733	zilla	qtille
773795	šqille	qtille
773804	θela	qtille
773871	pišla	qtille
773877	pišla	qtille
773909	pišle	qtille
773916	siqle	qtille
774129	zilla	qtille
774200	tiwle	qtille
774208	θele	qtille
774229	zilla	qtille
774260	qimle	qtille
774261	zille	qtille
774262	šqille	qtille
774265	šqille	qtille
774276	zille	qtille
774293	mṭele	qtille
774334	tiwle	qtille
774336	pišle	qtille
774358	pišle	qtille
774369	pišle	qtille
774376	mṭele	qtille
774379	mṭele	qtille
774433	pišla	qtille
774436	pišla	qtille
774473	θela	qtille
774496	wirre	qtille
774499	mṭele	qtille
774505	pišle	qtille
774579	zille	qtille
774614	pišle	qtille
774622	mṭele	qtille
774669	zille	qtille
774671	zille	qtille
774672	zille	qtille
774673	zille	qtille
774677	mṭele	qtille
775004	mṭele	qtille
775011	mṭele	qtille
775013	θela	qtille
775024	θele	qtille
775025	zille	qtille
775026	šqille	qtille
775030	θele	qtille
775031	mṭele	qtille
775035	mṭele	qtille
775134	pišle	qtille
775311	pišle	qtille
775435	pišle	qtille
775437	pišle	qtille
775753	θele	qtille
775760	ṣlela	qtille
775776	θele	qtille
775795	θele	qtille
775798	θele	qtille
776033	zille	qtille
776273	pišla	qtille
776366	qimle	qtille
776367	npille	qtille
776369	zille	qtille
776374	zille	qtille
776531	zille	qtille
776533	pišle	qtille
776536	mṭele	qtille
776543	zilla	qtille
776560	pišle	qtille
776563	siqle	qtille
776566	siqle	qtille
776586	wirre	qtille
776937	siqle	qtille
776938	siqle	qtille
777132	zille	qtille
777227	pišle	qtille
777230	pišle	qtille
777326	qimla	qtille
777484	zilla	qtille
777491	θela	qtille
777508	θela	qtille
777764	pliṭle	qtille
777853	qimle	qtille
777855	zille	qtille
777859	pliṭle	qtille
778022	pišle	qtille
778050	siqle	qtille
778051	siqle	qtille
778052	wirre	qtille
778112	wirre	qtille
778118	zille	qtille
778246	pišle	qtille
778454	zilla	qtille
778500	θele	qtille
778551	siqle	qtille
778572	pliṭle	qtille
778596	šqille	qtille
778680	šqille	qtille
778786	mṭele	qtille
778792	ṣlele	qtille
778812	zille	qtille
778815	zille	qtille
778832	zille	qtille
778836	siqle	qtille
778838	mṭele	qtille
778890	ṣlele	qtille
778895	pliṭle	qtille
779024	pišle	qtille
779104	pišle	qtille
779278	pišle	qtille
779286	zille	qtille
779319	zilla	qtille
779331	zilla	qtille
779338	zilla	qtille
779371	qimle	qtille
779372	zille	qtille
779373	zille	qtille
779380	zille	qtille
779381	zille	qtille
779382	zille	qtille
779408	zilla	qtille
779409	zilla	qtille
779410	mṭela	qtille
779411	siqla	qtille
779412	mṭela	qtille
779422	wirra	qtille
779424	pliṭla	qtille
779542	pišla	qtille
779709	mṭele	qtille
779712	wirre	qtille
779901	wirre	qtille
779938	zille	qtille
779944	šqille	qtille
779959	wirre	qtille
780318	siqle	qtille
780331	zille	qtille
780344	zille	qtille
780346	zille	qtille
780648	zille	qtille
780649	zille	qtille
781039	θele	qtille
781042	θele	qtille
781045	siqle	qtille
781050	siqle	qtille
781051	wirre	qtille
781053	wirre	qtille
781153	θele	qtille
781155	θele	qtille
781157	zille	qtille
781217	θele	qtille
781235	zille	qtille
781238	zille	qtille
781272	mṭele	qtille
781300	mṭela	qtille
781303	θele	qtille
781451	zilla	qtille
781492	zilla	qtille
781505	θele	qtille
781524	zille	qtille
781537	θele	qtille
781550	zille	qtille
781564	pišle	qtille
781571	pišla	qtille
781625	zille	qtille
781627	θele	qtille
781641	zille	qtille
781674	pišla	qtille
781678	ṣlele	qtille
781696	ṣlele	qtille
781709	pliṭla	qtille
781725	pliṭla	qtille
781737	pliṭla	qtille
781747	pišla	qtille
781761	zille	qtille
781763	zilla	qtille
